{
  "test_acc": 0.6228070175438597,
  "test_auc": 0.6065878378378378,
  "confusion_matrix": [
    [
      57,
      17
    ],
    [
      26,
      14
    ]
  ],
  "note": "Metadata-only LogisticRegression baseline (PyTorch path failed)."
}